{
"305 Gregson Drive, Cary, NC 27511": [
35.7322098,
-78.8046671
],
"960 Flaherty Drive, New Bedford, MA 02745": [
41.7168684,
-70.9664372
],
"1550 W 135th Ave, Westminster, CO 80234": [
39.940591,
-105.0123435
],
"2455 Pinedale Dr, Idaho Falls, ID 83401": [
43.4887907,
-112.03628
],
"450 West 500 North, Provo, UT 84601": [
40.2404906,
-111.6665421
],
"1044 North Main Street, Spanish Fork, UT 84660": [
40.1231676,
-111.6545592
],
"101 Grant Way, Moxee, WA 98936": [
46.562671,
-120.398433
],
"1 Centennial Ave, Piscataway, NJ 08855": [
40.539885,
-74.502326
],
"450 Richardson Drive, Lancaster, PA 17603": [
40.0426179,
-76.4035139
],
"3200 S Zuni St, Englewood, CO 80110": [
39.658577,
-105.015701
],
"701 Matthews Mint Hill Rd, Matthews, NC 28106": [
35.1189263,
-80.7108644
],
"2250 S Main St, Salt Lake City, UT 84115": [
40.739113,
-111.8913249
],
"1101 Brickell Ave, Miami, FL 33131": [
25.763114,
-80.190415
],
"850 S Kuner Rd, Brighton, CO 80601": [
39.9733294,
-104.8277419
],
"111 S Taylor St, Amarillo, TX 79101": [
35.2120289,
-101.8344375
],
"1200 S Woodruff Ave, Idaho Falls, ID 83404": [
43.4717819,
-112.0027569
],
"1540 Genessee St, Kansas City, MO 64102": [
39.0956345,
-94.6057902
],
"1111 West Jefferson Street, Boise, ID 83702": [
43.6196246,
-116.2057962
],
"1900 W 2100 S, Salt Lake City, UT 84119": [
40.7260136,
-111.9447337
],
"1001 Enterprise Ave, Oroville, CA 95966": [
39.5137752,
-121.556359
],
"4800 Colorado Blvd, Denver, CO 80216": [
39.7867921,
-104.9402753
],
"301 Commerce St Ste 2700, Fort Worth, TX 76102": [
32.753177,
-97.3327459
],
"25701 Science Park Dr, Cleveland, OH 44122": [
41.5008217,
-81.5369108
],
"1099 Thompson Rd SE, Hartselle, AL 35640": [
34.4434282,
-86.9352842
],
"20 Moores Road, Malvern, PA 19355": [
40.036202,
-75.5138959
],
"4210 Old Charlotte Hwy, Monroe, NC 28110": [
35.017853,
-80.5882085
],
"150 E State St, Lehi, UT 84043": [
40.3963752,
-111.8469695
],
"13200 Smith Rd, Aurora, CO 80011": [
39.7655111,
-104.8328297
],
"7900 McCloud Road, Greensboro, NC 27409": [
36.088547,
-79.983623
],
"2400 Boston St Ste 200, Baltimore, MD 21224": [
39.2908816,
-76.610759
],
"1820 Asheville Highway, Hendersonville, NC 28793": [
35.3341194,
-82.4703975
],
"1225 17th St, Denver, CO 80202": [
39.750283,
-104.9951731
],
"8850 Fairview Ave, Boise, ID 83704": [
43.620016,
-116.292522
],
"974 Centre Road, Wilmington, DE 19805": [
39.7459468,
-75.546589
],
"101 Prospect Ave NW, Cleveland, OH 44115": [
41.4996574,
-81.6936772
],
"1000 Eaton Blvd, Cleveland, OH 44122": [
41.5008217,
-81.5369108
],
"3000 Lawrence St, Denver, CO 80205": [
39.7614786,
-104.978957
],
"1550 South University Ave, Provo, UT 84601": [
40.2127491,
-111.6603217
],
"11400 W 20th Ave, Lakewood, CO 80215": [
39.747316,
-105.12605
],
"1500 Industry Rd, Nampa, ID 83687": [
43.5780381,
-116.5616885
],
"125 N Geneva Rd, Orem, UT 84059": [
40.2819405,
-111.731839
],
"300 Industrial Dr, Fernley, NV 89408": [
39.6031605,
-119.2037789
],
"1 Campus Drive, Parsippany, NJ 07054": [
40.8438035,
-74.4601041
],
"2325 Lakeview Parkway, Alpharetta, GA 30009": [
34.0582902,
-84.2919548
],
"5 Necco St, Boston, MA 02210": [
42.3494242,
-71.0512577
],
"1565 West 400 North, Orem, UT 84057": [
40.3044657,
-111.7058495
],
"133 Peachtree Street NE, Atlanta, GA 30303": [
33.7574406,
-84.3870653
],
"3556 Lake Shore Road, Buffalo, NY 14219": [
42.7924829,
-78.8488345
],
"5245 Old Highway 91, Chubbuck, ID 83202": [
42.9202973,
-112.4661896
],
"1600 Broadway, Denver, CO 80202": [
39.7421703,
-104.9870571
],
"800 S Northpoint Blvd, Waukegan, IL 60085": [
42.345061,
-87.894757
],
"370 17th St, Denver, CO 80202": [
39.743496,
-104.9886472
],
"1111 Harrison St, LaPorte, IN 46350": [
41.606803,
-86.7241469
],
"23901 Aurora Rd, Bedford Heights, OH 44146": [
41.414941,
-81.5100589
],
"2400 S Reservoir Rd, Greeley, CO 80634": [
40.392883,
-104.7288298
],
"160 Kanatsiohareke Rd, Fonda, NY 12068": [
42.9544248,
-74.3769163
],
"8700 W Bryn Mawr Ave, Chicago, IL 60631": [
41.9827509,
-87.8434302
],
"10925 David Taylor Dr, Charlotte, NC 28262": [
35.3395359,
-80.7668457
],
"1200 S Main St, Logan, UT 84321": [
41.7342505,
-111.8349379
],
"2001 16th St, Denver, CO 80202": [
39.7551961,
-105.0047993
],
"1000 S Broadway, Denver, CO 80209": [
39.6976147,
-104.9868405
],
"455 W 1700 S, Salt Lake City, UT 84115": [
40.7335302,
-111.885596
],
"1700 Lincoln St, Denver, CO 80203": [
39.7435942,
-104.9854851
],
"1801 California St, Denver, CO 80202": [
39.7474482,
-104.9898936
],
"One Knauf Drive, Shelbyville, IN 46176": [
39.5214373,
-85.7769238
],
"1999 Broadway, Denver, CO 80202": [
39.7765527,
-104.9876068
],
"1400 Wewatta St, Denver, CO 80202": [
39.7510595,
-105.0032961
],
"50 S Main St, Salt Lake City, UT 84101": [
40.7552462,
-111.891193
],
"111 S Main St, Salt Lake City, UT 84111": [
40.7495291,
-111.8910813
],
"175 S Main St, Salt Lake City, UT 84111": [
40.7495291,
-111.8910813
],
"201 S Main St, Salt Lake City, UT 84111": [
40.7495291,
-111.8910813
],
"2500 Old Hadar Rd, Norfolk, NE 68701": [
42.0283379,
-97.4169964
],
"1050 17th St, Denver, CO 80265": [
39.7479443,
-104.9941643
],
"707 17th St, Denver, CO 80202": [
39.7471025,
-104.9907957
],
"1125 17th St, Denver, CO 80202": [
39.7497006,
-104.9944317
],
"13135 West Lisbon Road, Brookfield, WI 53005": [
43.10461,
-88.1067446
],
"7575 W 103rd Ave, Westminster, CO 80021": [
39.8835405,
-105.0810186
],
"600 17th St, Denver, CO 80202": [
39.7451691,
-104.9909937
],
"555 17th St, Denver, CO 80202": [
39.7455234,
-104.9895193
],
"20600 Emerald Pkwy, Cleveland, OH 44135": [
41.4274052,
-81.8436914
],
"410 17th St, Denver, CO 80202": [
39.744188,
-104.988615
],
"One Owens Corning Pkwy, Toledo, OH 43659": [
41.6475208,
-83.5351695
],
"1500 W 120th Ave, Westminster, CO 80234": [
39.9137639,
-105.0054133
],
"1200 S Main St, Spanish Fork, UT 84660": [
40.1050405,
-111.6548375
],
"1100 W 7800 S, West Jordan, UT 84088": [
40.60941,
-111.9976444
],
"Two Riverfront Plaza, Newark, NJ 07102": [
40.7363812,
-74.1649564
],
"1200 17th St, Denver, CO 80202": [
39.749315,
-104.9965111
],
"400 West Continental Blvd, El Segundo, CA 90245": [
33.917028,
-118.4156337
],
"4949 S 30th St, Omaha, NE 68107": [
41.2101814,
-95.9549708
],
"133 Peachtree St NE, Atlanta, GA 30303": [
33.7574406,
-84.3870653
],
"2801 East Beltline NE, Grand Rapids, MI 49525": [
42.9632425,
-85.6678639
],
"1201 18th St, Denver, CO 80202": [
39.750552,
-104.994167
],
"1401 Lawrence St, Denver, CO 80202": [
39.7471377,
-104.9988938
],
"8024 Esquesing Line, Milton, ON L9T 6W3": [
43.5408321,
-79.875791
],
"1428 Pearman Dairy Rd, Anderson, SC 29625": [
34.5278395,
-82.6948341
],
"12442 Knott St, Garden Grove, CA 92841": [
33.7852987,
-118.0110256
],
"1800 15th St, Denver, CO 80202": [
39.751605,
-105.0034827
],
"1 Royal Dr, Marion, VA 24354": [
36.8331284,
-81.519515
],
"1515 Wynkoop St, Denver, CO 80202": [
39.7515827,
-105.0022313
],
"2727 Paces Ferry Rd SE, Atlanta, GA 30339": [
33.7544657,
-84.3898151
],
"300 New Jersey Ave NW, Washington, DC 20001": [
38.894045,
-77.010802
],
"201 Polito Avenue, Lyndhurst, NJ 07071": [
40.8049728,
-74.1091153
],
"5956 W Las Positas Blvd, Pleasanton, CA 94588": [
37.6825051,
-121.8992912
],
"1001 17th St, Denver, CO 80202": [
39.7488363,
-104.9939941
],
"One Southwire Drive, Carrollton, GA 30119": [
33.5668775,
-85.0688544
],
"130 S State St, Shelley, ID 83274": [
43.3858166,
-112.1200398
],
"800 Federal St, Andover, MA 01810": [
42.6787559,
-71.1975192
],
"1000 Stanley Dr, New Britain, CT 06053": [
41.6936818,
-72.8077725
],
"8155 T&B Blvd, Memphis, TN 38125": [
35.1460249,
-90.0517638
],
"1000 S Main St, Kalispell, MT 59901": [
48.188871,
-114.310276
],
"1415 West 70 South, Lindon, UT 84042": [
40.335769,
-111.7508475
],
"1350 West 130 North, Orem, UT 84057": [
40.2996075,
-111.7175248
],
"601 S Flower St, Burbank, CA 91502": [
34.174147,
-118.306971
],
"488 North Sunnyside Ave, Clovis, CA 93611": [
36.838917,
-119.6914935
],